{
  "accounts.api.rest.business.product.addproduct.v1": {
    "data": [
      {
        "ProductCategoryID": 13,
        "ProductID": 1,
        "CategoryID": 6,
        "Remarks": " ",
        "CreatedAuthID": 1,
        "CreatedBy": "dinesh",
        "CreatedDate": "2023-11-09T10:32:25.685Z",
        "ModifiedAuthID": 1,
        "ModifiedBy": "dinesh",
        "ModifiedDate": "2023-11-09T10:32:25.685Z",
        "IsDeleted": false,
        "DeletedAuthID": null,
        "DeletedBy": null,
        "DeletedDate": null
      },
      {
        "ProductCategoryID": 14,
        "ProductID": 2,
        "CategoryID": 6,
        "Remarks": " ",
        "CreatedAuthID": 1,
        "CreatedBy": "dinesh",
        "CreatedDate": "2023-11-09T10:32:27.473Z",
        "ModifiedAuthID": 1,
        "ModifiedBy": "dinesh",
        "ModifiedDate": "2023-11-09T10:32:27.473Z",
        "IsDeleted": false,
        "DeletedAuthID": null,
        "DeletedBy": null,
        "DeletedDate": null
      }
    ],
    "status": 200,
    "message": "[MOCK] '' has been setup successfully"
  },
  "accounts.api.rest.business.product.removeproduct.v1": {
    "data": {},
    "status": 200,
    "message": "[MOCK] 'removeproduct' has been setup successfully"
  },
  "accounts.api.rest.business.product.add.v1": {
    "data": {
      "ProductInfo": {
        "ProductID": 1,
        "ProductName": "Toll Agency Toll Charges",
        "ProductCode": "TA-TOLL-CHG",
        "ProductUPC": "null",
        "ProductSKU": "null",
        "ParentProductID": null,
        "AppSettingUomID": 1,
        "IsAsset": null,
        "IsRental": null,
        "IsGoods": null,
        "IsService": null,
        "IsEnabled": null,
        "IsSellable": null,
        "IsPurchase": null,
        "StockLimit": null,
        "IsStockLimitDisabled": null,
        "CreatedAuthID": 1,
        "CreatedBy": "dinesh",
        "CreatedDate": "2023-11-08T12:07:07.644Z",
        "ModifiedAuthID": null,
        "ModifiedBy": null,
        "ModifiedDate": "2023-11-08T12:07:07.644Z",
        "IsDeleted": false,
        "DeletedAuthID": null,
        "DeletedBy": null,
        "DeletedDate": null
      },
      "ProductPriceInfo": {
        "ProductPriceID": 1,
        "ProductID": 1,
        "CurrencyID": 1,
        "BaseSaleRate": "200",
        "ComparisionSaleRate": "",
        "CreatedAuthID": 1,
        "CreatedBy": "Dinesh",
        "CreatedDate": "2023-11-09T05:50:53.017Z",
        "ModifiedAuthID": 1,
        "ModifiedBy": "Dinesh",
        "ModifiedDate": "2023-11-09T05:50:53.017Z",
        "IsDeleted": false,
        "DeletedAuthID": null,
        "DeletedBy": null,
        "DeletedDate": null
      }
    },
    "status": 200,
    "message": "[MOCK] 'Product' has been setup successfully"
  },
  "accounts.api.rest.business.product.addpackage.v1": {
    "data": {
      "ProductPackageID": 1,
      "ProductID": 7,
      "PackageTypeID": 1,
      "Length": "50",
      "LengthUom": "",
      "Width": "50",
      "WidthUom": "",
      "Height": "50",
      "HeightUom": "",
      "Weight": "20",
      "WeightUom": "kg",
      "PackageCount": "15",
      "IsEnabled": true,
      "CreatedAuthID": 1,
      "CreatedBy": "Dinesh",
      "CreatedDate": "2023-11-09T12:28:05.512Z",
      "ModifiedAuthID": null,
      "ModifiedBy": null,
      "ModifiedDate": "2023-11-09T12:28:05.512Z",
      "IsDeleted": false,
      "DeletedAuthID": null,
      "DeletedBy": null,
      "DeletedDate": null
    },
    "status": 200,
    "message": "[MOCK] 'Add Product' has been setup successfully"
  },
  "accounts.api.rest.business.product.addblukdiscount.v1": {
    "data": [
      {
        "ProductBulkDiscountID": 1,
        "MerchantID": 1,
        "TenantID": 1,
        "ProductID": 1,
        "CurrencyID": 1,
        "RangeMin": 50,
        "RangeMax": 99,
        "DiscountPeriod": "Monthly",
        "DiscountType": "Rate",
        "DiscountPercent": "20",
        "DiscountRate": 180,
        "Description": "",
        "CreatedAuthID": 1,
        "CreatedBy": "Dinesh",
        "CreatedDate": "2023-11-10T06:00:19.016Z",
        "ModifiedAuthID": 1,
        "ModifiedBy": "Dinesh",
        "ModifiedDate": "2023-11-10T06:00:19.016Z",
        "IsDeleted": false,
        "DeletedAuthID": null,
        "DeletedBy": null,
        "DeletedDate": null
      },
      {
        "ProductBulkDiscountID": 2,
        "MerchantID": 1,
        "TenantID": 1,
        "ProductID": 1,
        "CurrencyID": 1,
        "RangeMin": 0,
        "RangeMax": 10,
        "DiscountPeriod": "Monthly",
        "DiscountType": "Rate",
        "DiscountPercent": "20",
        "DiscountRate": 180,
        "Description": "",
        "CreatedAuthID": 1,
        "CreatedBy": "Dinesh",
        "CreatedDate": "2023-11-10T06:00:19.016Z",
        "ModifiedAuthID": 1,
        "ModifiedBy": "Dinesh",
        "ModifiedDate": "2023-11-10T06:00:19.016Z",
        "IsDeleted": false,
        "DeletedAuthID": null,
        "DeletedBy": null,
        "DeletedDate": null
      }
    ],
    "status": 200,
    "message": "[MOCK] 'Add Bulk Discount' has been setup successfully"
  },
  "accounts.api.rest.business.product.update.v1": {
    "data": {
      "count": 1
    },
    "status": 200,
    "message": "[MOCK] 'Product' has been updated successfully"
  },
  "accounts.api.rest.business.product.changepackage.v1": {
    "data": {
      "count": 1
    },
    "status": 200,
    "message": "[MOCK] 'Product Package' has been updated successfully"
  },
  "accounts.api.rest.business.product.enableavailability.v1": {
    "data": {},
    "status": 200,
    "message": "[MOCK] 'enableavailability 'Mock   successfully"
  },
  "accounts.api.rest.business.product.disableavailability.v1": {
    "data": {},
    "status": 200,
    "message": "[MOCK] 'disbleavailability 'Mock   successfully"
  },

  "accounts.api.rest.business.product.removepackage.v1": {
    "data": {
      "count": 1
    },
    "status": 200,
    "message": "[MOCK] 'Product Package' has been updated successfully"
  },
  "accounts.api.rest.business.product.changeparentproduct.v1": {
    "data": {
      "count": 1
    },
    "status": 200,
    "message": "[MOCK] 'Parent Product' has been updated successfully"
  },
  "accounts.api.rest.business.product.removecategory.v1": {
    "data": {
      "count": 1
    },
    "status": 200,
    "message": "[MOCK] 'Product Category' has been updated successfully"
  },
  "accounts.api.rest.business.product.enablesale.v1": {
    "data": {
      "count": 1
    },
    "status": 200,
    "message": "[MOCK] 'Product Sales' has been updated successfully"
  },
  "accounts.api.rest.business.product.disablesale.v1": {
    "data": {
      "count": 1
    },
    "status": 200,
    "message": "[MOCK] 'Product Sales' has been updated successfully"
  },
  "accounts.api.rest.business.product.enablepurchase.v1": {
    "data": {
      "count": 1
    },
    "status": 200,
    "message": "[MOCK] 'Product purchases' has been updated successfully"
  },
  "accounts.api.rest.business.product.disablepurchase.v1": {
    "data": {
      "count": 1
    },
    "status": 200,
    "message": "[MOCK] 'Product purchases' has been updated successfully"
  },
  "accounts.api.rest.business.product.removebulkdiscount.v1": {
    "data": {
      "count": 1
    },
    "status": 200,
    "message": "[MOCK] 'Product Bulk Discount' has been updated successfully"
  },
  "accounts.api.rest.business.product.filter.v1": {
    "data": {},
    "status": 200,
    "message": "[MOCK] 'Product FILTER' has been  successfully"
  }
}
